<?xml version="1.0" encoding="utf-8"?>
<update>
    <summary version="1.0">
        <release>
            <effective>2017-03-16T15:00:00 EST</effective>
            <schema_sequence>15</schema_sequence>
        </release>
        <schema name="ppl_v1">
            <global_op></global_op>
            <bundle prefix="ppl_premium_v1">
                <sequence>1231</sequence>
                <op></op>
            </bundle>
            <bundle prefix="ppl_hub_v1">
                <sequence>13</sequence>
                <op></op>
            </bundle>
            <bundle prefix="ppl_sym_v1">
                <sequence>1233</sequence>
                <op></op>
            </bundle>
        </schema>
    </summary>
    <schema name="ppl_v1">
        <global_op></global_op>
    </schema>
</update>
